hour,20250301,20250308,20250315,20250322,20250329,20250405,20250412,20250419,20250426,20250503,20250510,20250517,20250524,20250531,20260307,20260314,20260321,20260328,20260404,20260411,20260418,20260425,20260502,20260509,20260516,20260523,20260530
8,73057.4403,74108.6586,75713.73129999998,76763.0205,78958.2907,72387.7433,79001.2853,78573.3604,79288.3881,75836.0677,72960.9818,77997.5781,78439.2062,76874.3819,69592.159,71162.1737,73972.4531,77146.44529999999,69757.613,72890.0349,73131.7574,74368.3128,72305.0949,71495.4641,73683.8267,72552.9643,73267.8824
9,92644.93,95733.6785,97008.6488,95900.766,97812.3099,88675.1012,98767.9801,97794.7595,101538.7718,90687.8795,92650.5582,97482.76580000001,97576.88650000001,97008.8502,84169.1091,88181.4112,88706.8398,91085.1314,86148.3858,90903.29119999999,91541.67599999999,93089.5132,90018.566,90639.605,92696.347,91068.1788,91535.70409999999
10,107411.1668,119406.07459999999,121205.1416,121588.1093,120706.60029999999,108392.4176,121818.61200000001,120513.7742,123165.4664,110829.7665,112862.7221,118343.2451,117612.1858,122516.3228,102707.9936,107914.5733,104298.15100000001,110318.00779999999,102355.7848,107873.3519,112629.4638,112775.7672,114375.5428,110532.3637,112903.36720000001,108299.0314,109757.33009999999
11,167809.46309999996,149530.29260000002,150773.8869,147592.0943,144786.6958,127698.39779999999,147582.5415,143605.4507,150927.8387,130725.40490000001,134632.9473,142077.2426,142161.6216,149218.68310000002,125612.9475,132749.5513,119082.0529,136575.3262,122788.5001,129870.96029999999,139381.71670000002,136413.1181,144052.78470000002,133087.1079,136119.7367,128666.8923,132011.4008
12,238161.3675,182708.06949999998,181997.04089999996,177392.6366,169841.6674,142593.0198,168767.495,162316.7197,174207.9228,151841.4074,152807.043,166991.29369999998,162073.15989999997,175067.7232,146372.18469999998,154614.3668,131255.1983,162902.699,139408.7373,149737.7549,162675.1698,157611.4651,167509.4049,152095.9762,155902.339,148363.82590000003,148440.7297
13,306419.037,215303.7466,217820.6015,208754.5387,192320.84000000003,154642.79529999997,177285.65319999997,176342.87879999998,193307.9245,170335.7858,166545.04799999998,184351.48440000002,179740.26510000002,193129.8962,161577.5102,173316.2477,141401.41879999998,186487.5011,154367.9205,162628.4856,184627.5916,171990.35270000002,184851.5485,168201.6912,173781.02229999998,163453.73390000002,162562.6287
14,341387.6409,236722.2032,250925.48100000003,228226.3421,204852.1615,162404.01679999998,179381.24949999998,181167.2568,205670.06350000002,179625.46509999997,171495.627,192005.26320000002,184827.6737,200396.6277,168843.9318,182143.1042,147571.2017,196047.8763,165522.4748,169772.1086,190883.2628,181256.6577,197452.4549,176904.3126,180481.9462,173745.5458,169512.1067
15,312449.99860000005,247332.035,269516.44670000003,239727.8415,212307.0825,161387.9949,176204.75999999998,174732.9702,209373.8374,178910.02139999997,173380.16559999998,189963.8514,186801.6802,200914.8856,166829.58620000002,179668.2321,151502.8878,192092.1319,170936.2659,170954.7806,189501.3533,178147.4273,192805.8169,175559.5238,183060.39370000002,177074.4499,172277.11969999998
16,281825.1251,234163.17549999998,269044.948,240088.3236,212220.74910000002,150270.77959999998,160375.4113,158884.97460000002,202326.4389,169534.498,160629.0998,183795.1266,181076.1032,189225.2279,158892.7852,171468.669,153961.21860000002,183714.9735,165675.2102,170752.2556,181535.4477,175808.8948,187116.57249999998,172406.3548,182018.6249,177183.50699999998,168512.90459999998
17,233276.0428,203100.85770000002,241957.6359,220819.918,193878.5099,138634.9635,147351.1862,145841.1139,199219.3169,159911.7256,150211.4015,169507.2649,173793.7781,172845.23260000002,149972.2713,162505.4416,151711.973,173412.264,159567.23870000002,165056.63499999998,169568.8893,170337.8284,177155.111,167926.2438,190803.5552,177689.96,162997.0712
18,181171.4842,172354.4694,212347.8861,200301.313,172554.19329999998,125589.4366,132479.5107,132874.3166,196390.7318,148830.9367,139915.3131,154733.92669999998,165481.45309999998,160974.2033,136950.4877,149409.0429,151353.617,159870.0504,146483.5047,152257.6727,157051.8742,160842.87360000002,159138.6692,157470.44189999998,198497.78329999998,169759.8409,157869.0931
19,149201.1858,146225.94150000002,188492.2015,180102.7408,151275.6623,111696.7173,117825.79980000001,118424.18749999999,198291.9146,134336.47009999998,126503.78110000001,138698.5793,149603.2825,147899.93399999998,123274.2871,132014.2542,152810.7076,142919.3959,132362.83729999998,137372.993,144088.12410000002,146578.05730000001,140877.6905,142857.7098,211243.5759,158333.77060000002,146000.464
20,121744.4129,122981.475,143615.32029999996,141652.1671,119777.2076,96538.6458,100711.5747,102252.5754,179992.605,114644.0349,109076.37730000001,119824.97379999999,129887.1988,128264.0705,104881.3849,113203.9745,138307.9207,121556.9357,114118.88739999999,116772.78150000001,125724.25569999998,127620.572,116630.4475,125613.56910000001,198310.0476,136796.7052,129122.75730000001
21,99643.029,99658.71620000001,112925.2267,108014.1997,95882.0031,83974.8382,86506.367,88739.489,133512.98449999996,94258.5955,92089.1592,99581.6972,106657.9083,106667.5496,88763.1624,95028.68849999999,101009.5978,99966.6073,95650.3789,97701.45760000001,105334.5111,104744.3613,95771.84049999999,105135.01430000001,156911.4591,109432.02279999999,107283.7384
22,83094.24769999999,80481.5269,87891.7445,84437.7504,79488.3165,72963.7962,73586.2,74818.4961,98095.7068,78840.8939,77732.9644,82984.5328,86119.06480000001,87154.6729,74972.4301,78930.7577,75118.14129999999,81255.7609,79479.29639999999,80683.24949999999,86571.4564,86490.8477,81300.6927,86039.8317,110120.32630000002,87364.47529999999,87910.8936
23,68618.803,64258.5667,69510.7372,67625.9402,65106.356700000004,62196.8882,62587.2693,62112.036700000004,72273.4066,64775.6495,63228.5508,67611.4073,68952.81139999999,69087.2408,59468.776300000005,62932.9222,58293.9057,63194.48729999999,62503.9196,64067.0652,67849.569,68944.0073,62417.6611,66059.39779999999,75604.59139999999,68484.3713,68984.0876
