hour,event,med_all,diff_all,med_mar,diff_mar,did_all,did_mar,ctrl_ratio,did_diff_all,did_diff_mar
8,73972.4531,72890.0349,1082.4182,71162.1737,2810.2793999999994,1.0076003542958674,1.0399181108815865,1.0071949775382638,557.9760361312365,2839.4933736902603
9,88706.8398,90903.29119999999,-2196.451399999991,88181.4112,525.4285999999993,0.9689075166145786,1.005882004237993,1.0071523611655069,-2846.624569795633,518.7228774788964
10,104298.15100000001,107914.5733,-3616.422299999991,107914.5733,-3616.422299999991,0.9596014294055897,0.9660200043814448,1.0071765956238161,-4390.881554490756,-3668.7135855667
11,119082.0529,132749.5513,-13667.498399999997,132749.5513,-13667.498399999997,0.8902998086066332,0.8962409959126856,1.0075740440279126,-14672.949346231835,-13786.286579085063
12,131255.1983,154614.3668,-23359.1685,154614.3668,-23359.1685,0.8422622362525694,0.8464561835215167,1.0079043908933782,-24581.30089291939,-23809.17579900913
13,141401.41879999998,171990.35270000002,-30588.933900000033,173316.2477,-31914.828900000022,0.8154034994567793,0.8127456846815658,1.0082706120677694,-32011.399386580568,-32578.48840233864
14,147571.2017,181256.6577,-33685.456000000006,182143.1042,-34571.9025,0.8064915849746971,0.8064825524942553,1.0095034466448545,-35408.01897547662,-35410.068314581236
15,151502.8878,178147.4273,-26644.539500000014,179668.2321,-28165.344299999997,0.8429082006542533,0.8401386924531096,1.0089300958413425,-28235.413099677593,-28827.91848345872
16,153961.21860000002,171468.669,-17507.450399999972,171468.669,-17507.450399999972,0.8906296339642874,0.8959092012846003,1.0081599060764563,-18906.61863409495,-17887.913409407396
17,151711.973,165056.63499999998,-13344.661999999982,162505.4416,-10793.468599999993,0.9129821982267744,0.9333275164814184,1.0067567726885684,-14459.912163434987,-10837.582564314507
18,151353.617,152257.6727,-904.0556999999972,149409.0429,1944.574099999998,0.9887673106762489,1.0144023795390846,1.0053551730775296,-1719.4218896903621,2148.902921183704
19,152810.7076,137372.993,15437.714600000007,132014.2542,20796.4534,1.1083569333203716,1.1616837588125093,1.0036280342283275,14939.320679348224,21268.27495360971
20,138307.9207,116772.78150000001,21535.139199999976,113203.9745,25103.94619999999,1.181970503783715,1.2264215178235407,1.0020716795630786,21293.223415042594,25534.360639306455
21,101009.5978,97701.45760000001,3308.1401999999944,95028.68849999999,5980.909300000014,1.0295763792569892,1.06446826533429,1.0041602565448478,2901.6770715784223,6117.527186435473
22,75118.1413,80683.24949999999,-5565.108199999988,78930.7577,-3812.616399999999,0.9255264569550731,0.95169661063502,1.0059412431461308,-6044.467003099417,-3812.623463234151
23,58293.9057,63194.48729999999,-4900.58159999999,62932.9222,-4639.016499999998,0.9164263507725181,0.9273102854306382,1.0065755823503906,-5316.122155331854,-4569.52482145551
