,domestic,domestic,domestic,domestic,domestic,domestic,domestic,domestic,temp_foreign,temp_foreign,temp_foreign,temp_foreign,temp_foreign,temp_foreign,temp_foreign,temp_foreign,long_foreign,long_foreign,long_foreign,long_foreign,long_foreign,long_foreign,long_foreign,long_foreign,total,total,total,total,total,total,total,total
date,20260307,20260314,20260321,20260328,20260404,20260411,20260418,20260425,20260307,20260314,20260321,20260328,20260404,20260411,20260418,20260425,20260307,20260314,20260321,20260328,20260404,20260411,20260418,20260425,20260307,20260314,20260321,20260328,20260404,20260411,20260418,20260425
hour,,,,,,,,,,,,,,,,,,,,,,,,,,,,,,,,
0,43559.7029,46095.052899999995,44127.317599999995,45910.789600000004,47514.335,45487.0226,48091.105299999996,49704.7767,10176.7229,11672.6913,10077.8135,11514.8009,11449.5685,12447.5614,12233.2223,12618.811099999999,2010.2644,2161.3327,2104.3918,2111.1958,2154.2902,2174.0152000000003,2210.6671,2228.1652,55746.6902,59929.07689999999,56309.522899999996,59536.78630000001,61118.1937,60108.5992,62534.994699999996,64551.753000000004
1,41095.2769,43339.6262,41935.217000000004,43068.720199999996,44709.7319,43114.2219,44577.034700000004,46313.0193,10278.023500000001,11547.7261,10000.1329,11519.2601,11474.2044,12427.751,12163.534099999999,12428.8325,1879.3241000000003,2003.471,1967.8643000000002,2003.984,2028.741,2060.6515,2044.1122,2156.0079,53252.6245,56890.8233,53903.2142,56591.96429999999,58212.6773,57602.62439999999,58784.681000000004,60897.8597
2,39411.6904,41425.0407,40244.0973,40939.8226,42022.3631,40989.7395,42271.6234,43857.1468,10321.7294,11421.492699999999,9858.938400000001,11609.2548,11653.528,12504.3759,12214.3394,12380.9056,1779.9714999999999,2008.4992999999997,1952.7439,1940.0194,1941.9984000000002,1969.9779999999998,2023.4395,2045.0584999999999,51513.3913,54855.0327,52055.7796,54489.0968,55617.8895,55464.093400000005,56509.402299999994,58283.1109
3,39475.4101,39935.1853,39125.4668,39528.2004,40262.4706,39606.132300000005,40458.138699999996,41711.38250000001,10291.3951,11327.5638,9861.7098,11710.7761,11626.737000000001,12499.3393,12292.7595,12552.436699999998,1735.6248,1961.7314000000001,1842.913,1880.4431,1876.0022000000001,1931.3482999999999,1886.672,1960.1490999999999,51502.43,53224.4805,50830.08960000001,53119.4196,53765.209800000004,54036.8199,54637.570199999995,56223.96830000001
4,39766.262599999995,39589.997599999995,40009.692200000005,39123.2284,39724.8333,39387.619,40263.1656,41257.0794,10234.4526,11320.1909,9909.9006,11708.841999999999,11631.8869,12304.5623,12366.0054,12513.2383,1760.9036,1925.9044999999999,1902.7741,1819.768,1790.2834,1904.6480999999999,1893.0957,1935.0581,51761.61879999999,52836.09299999999,51822.36690000001,52651.83839999999,53147.0036,53596.829399999995,54522.2667,55705.3758
5,40534.714,40610.82520000001,42383.753600000004,39930.4041,40468.470199999996,40046.1468,40896.0171,41614.4745,10091.4856,11386.330899999999,9896.590199999999,11553.8606,11534.3121,12091.496299999999,11914.3641,12499.7962,1804.2321,1931.5274,1962.1821,1793.1152,1832.3910999999998,1954.3527000000001,1973.1826,1928.1527,52430.4317,53928.68350000001,54242.5259,53277.3799,53835.17339999999,54091.995800000004,54783.563799999996,56042.42339999999
6,44250.319,45015.2396,47166.9715,44391.8636,43972.2683,43925.2728,45047.866299999994,45756.2446,9844.087,11084.1221,9742.5909,11274.5558,11250.4305,11806.9257,11658.8158,12318.2769,2032.6019000000001,2099.1999,2228.3095000000003,2145.6803,1939.7803,2141.8886,2030.3557999999998,2121.6977,56127.007900000004,58198.5616,59137.8719,57812.0997,57162.479100000004,57874.0871,58737.03789999999,60196.2192
7,48523.6867,48803.8938,53175.870200000005,51167.365,47773.9309,48632.695700000004,48753.2294,49808.359300000004,9085.786399999999,10974.1237,9299.4214,11123.9866,11084.4138,11325.7116,11372.6008,12032.5521,2193.9289,2330.706,2466.1508000000003,2362.3858999999998,2119.2972,2274.147,2229.3761000000004,2216.6255,59803.401999999995,62108.7235,64941.44240000001,64653.737499999996,60977.6419,62232.5543,62355.2063,64057.53690000001
8,57054.859899999996,57590.2641,61805.978,62886.65409999999,56064.432,58343.4054,58906.523499999996,59649.9568,9809.2731,10716.714100000001,9254.1052,11257.3835,10981.0507,11657.795900000001,11285.9764,11802.600999999999,2728.026,2855.1955,2912.3699,3002.4076999999997,2712.1303,2888.8336,2939.2574999999997,2915.755,69592.159,71162.1737,73972.45310000001,77146.44529999999,69757.613,72890.0349,73131.7574,74368.3128
9,71386.1545,73279.60560000001,75059.34240000001,75361.7822,71145.4872,74684.2411,75998.4228,76488.0648,9094.765,11100.475,9821.610799999999,11875.534,11446.6195,12376.8592,11874.7117,12830.4311,3688.1896,3801.3306,3825.8866,3847.8152,3556.2791,3842.1909,3668.5415,3771.0173,84169.1091,88181.41120000002,88706.8398,91085.1314,86148.3858,90903.2912,91541.676,93089.5132
10,88704.451,91415.5572,89410.85200000001,93431.2078,85964.3982,90664.4803,95216.6295,94428.8534,9782.407299999999,12090.5084,10339.633100000001,12415.5064,12199.2863,12870.531200000001,13020.0834,13954.1883,4221.1353,4408.5077,4547.6659,4471.2936,4192.1003,4338.3404,4392.7509,4392.7255,102707.99359999999,107914.5733,104298.15100000001,110318.0078,102355.78480000001,107873.3519,112629.4638,112775.7672
11,110596.7378,114819.0945,102860.4559,118328.1265,105002.1521,110970.16459999999,121240.3705,116118.2021,10260.0754,13044.9648,10797.404999999999,13214.4332,13019.444599999999,14057.992,13067.2298,15374.7048,4756.1343,4885.492,5424.192,5032.7665,4766.9034,4842.8036999999995,5074.1164,4920.2112,125612.94750000001,132749.55130000002,119082.0529,136575.32619999998,122788.5001,129870.96029999999,139381.7167,136413.1181
12,130278.09569999999,136348.5694,113799.3658,143062.78939999998,120391.8867,129209.0915,143052.5997,135737.13629999998,10873.8248,12884.2493,11055.1967,14139.1518,13906.9943,15081.840100000001,13980.4892,16308.558399999998,5220.2642,5381.5481,6400.6358,5700.757799999999,5109.8562999999995,5446.8233,5642.080900000001,5565.7704,146372.18469999998,154614.36680000002,131255.1983,162902.69899999996,139408.73729999998,149737.7549,162675.1698,157611.4651
13,144073.3426,154077.568,122330.9068,165309.33409999998,135275.4473,141968.0107,163529.8064,149863.2894,11868.806,13523.3575,11888.5667,15033.058,13670.1949,14875.7238,14990.0228,15912.408599999999,5635.3616,5715.3222000000005,7181.945299999999,6145.1089999999995,5422.2783,5784.7510999999995,6107.7624000000005,6214.6547,161577.51020000002,173316.2477,141401.41879999998,186487.50109999996,154367.9205,162628.4856,184627.5916,171990.35270000002
14,150766.8441,161637.2798,126699.54630000002,174254.295,145074.23189999998,148687.8124,168475.7919,158718.6804,12125.9175,14273.679100000001,12694.0867,15272.4528,14527.3845,14869.3846,16124.0908,16203.7242,5951.1702,6232.1453,8177.5687,6521.1285,5920.8584,6214.911599999999,6283.3801,6334.2531,168843.9318,182143.1042,147571.20170000003,196047.8763,165522.4748,169772.10859999998,190883.26280000003,181256.6577
15,148902.15000000002,158497.1322,129387.91720000001,170105.7598,149889.77599999998,149668.90290000002,165735.6389,155371.05060000002,11756.9512,14828.3685,13345.487000000001,15481.4488,14932.690200000001,14976.2598,17296.8951,16405.4912,6170.485,6342.7314,8769.4836,6504.9233,6113.7997,6309.6179,6468.8193,6370.8855,166829.58620000002,179668.2321,151502.88780000003,192092.1319,170936.2659,170954.78060000003,189501.3533,178147.4273
16,141398.251,150998.2674,129279.80330000001,162838.6032,145162.0996,149716.3149,157739.8297,152340.52169999998,11711.793099999999,14302.535100000001,15109.4559,14548.9884,14733.8504,14665.012200000001,17316.5093,17088.2134,5782.7411,6167.8665,9571.9594,6327.381899999999,5779.260200000001,6370.9285,6479.108700000001,6380.1597,158892.7852,171468.66900000002,153961.21860000002,183714.97350000002,165675.21019999997,170752.2556,181535.44770000002,175808.89479999998
17,133163.9214,141906.2756,128117.9594,153233.2867,139160.14620000002,145022.4025,146572.4895,147675.5415,11271.7781,14837.0818,13785.604599999999,14022.7719,14417.5692,13807.7374,16951.7525,16431.1535,5536.5718,5762.084199999999,9808.409,6156.2054,5989.5233,6226.4951,6044.6473000000005,6231.1334,149972.2713,162505.4416,151711.973,173412.264,159567.23870000002,165056.635,169568.8893,170337.8284
18,120765.888,129873.072,126782.87619999998,140175.2643,127032.6885,133461.6446,135943.20429999998,139108.9167,11015.281500000001,14205.1218,14571.600999999999,14058.8133,14004.074100000002,13180.140800000001,15334.4921,15767.0416,5169.3182,5330.8491,9999.1398,5635.9728000000005,5446.7420999999995,5615.8873,5774.1778,5966.9153,136950.48770000003,149409.0429,151353.617,159870.0504,146483.50470000002,152257.6727,157051.8742,160842.8736
19,107434.69099999999,114121.7317,125601.1834,124681.0798,113511.1313,119693.29559999998,124215.02320000001,126556.4508,11101.421999999999,13002.5335,16826.359,13045.042399999998,13968.3818,12585.7765,14374.777300000002,14532.0377,4738.1741,4889.989,10383.1652,5193.2737,4883.3242,5093.9209,5498.3236,5489.5688,123274.28709999999,132014.2542,152810.7076,142919.3959,132362.83729999998,137372.993,144088.12410000002,146578.05730000001
20,90814.0657,97590.4108,112511.3343,105216.0618,97542.6995,101367.95300000001,108165.78799999999,110178.83159999999,9990.7274,11199.2582,16320.3097,11922.7797,12368.5157,11040.008100000001,12861.4575,12770.3423,4076.5918,4414.3054999999995,9476.2767,4418.0942,4207.6722,4364.8204,4697.0102,4671.3981,104881.3849,113203.9745,138307.9207,121556.9357,114118.8874,116772.78150000001,125724.2557,127620.572
21,75151.6795,80276.3407,80563.7119,85054.9645,80420.8568,83152.4613,89110.6627,89176.2347,10255.703,11201.2952,14618.2343,11224.7546,11811.0154,10916.0553,12476.1993,11730.4792,3355.7799,3551.0526,5827.6516,3686.8882,3418.5067,3632.941,3747.6490999999996,3837.6474000000003,88763.16239999999,95028.68849999999,101009.59779999999,99966.6073,95650.3789,97701.45760000001,105334.51109999999,104744.3613
22,61693.696800000005,64851.1733,57875.87299999999,67284.0528,64296.912899999996,66755.1948,71416.5925,71397.4737,10510.8239,11032.9555,13633.3978,11097.642800000001,12253.0924,10862.828,11967.5713,12002.0667,2767.9094000000005,3046.6289,3608.8705,2874.0653,2929.2911,3065.2267,3187.2925999999998,3091.3073,74972.43010000001,78930.7577,75118.1413,81255.76090000001,79479.29639999999,80683.24949999999,86571.4564,86490.8477
23,46856.3958,49220.537299999996,42681.7882,49816.912299999996,47834.334,50298.765,53692.458,54180.4715,10486.5787,11409.2631,13186.158800000001,11134.155299999999,12445.164499999999,11361.1724,11675.227899999998,12284.6836,2125.8018,2303.1218000000003,2425.9587,2243.4197,2224.4211,2407.1278,2481.8831,2478.8522,59468.7763,62932.92219999999,58293.9057,63194.48729999999,62503.9196,64067.0652,67849.569,68944.0073
