date,core,ring,hubs,rest
20250301,121744.4129,144342.7002,386593.20759999997,9747493.6779
20250308,122981.475,138682.2165,401141.47699999996,10071914.7197
20250315,143615.32029999996,151918.8089,409906.38379999995,10043958.4131
20250322,141652.1671,150705.5734,417479.9436,9987003.1258
20250329,119777.2076,138362.4292,391621.31690000003,9956199.247
20250405,96538.6458,131702.7019,378475.642,9988505.6721
20250412,100711.5747,131312.9229,364380.51670000004,9957071.6647
20250419,102252.5754,130640.16100000001,359053.155,9911377.832799999
20250426,179992.605,163282.5446,387502.2842,9844276.4512
20250503,114644.0349,144814.21,356648.87269999995,9272832.4936
20250510,109076.37730000001,135569.2022,384643.4965,9963861.334
20250517,119824.97379999999,140967.5204,383908.9078,9941693.5504
20250524,129887.1988,144289.3919,406966.62899999996,9935522.7356
20250531,128264.0705,150088.1089,393248.919,9877057.4063
20260307,104881.3849,137198.2934,392647.9669,10095406.4898
20260314,113203.9745,145336.6114,403515.4835,10080627.6457
20260321,138307.9207,154475.67,397708.1403,10040867.2514
20260328,121556.9357,152910.2286,404366.1484,10020875.339
20260404,114118.88739999999,145620.7361,410145.7739,10027992.3074
20260411,116772.78150000001,146099.9947,400583.6327,9951877.3967
20260418,125724.25569999998,152560.9095,398790.0466,9960785.7882
20260425,127620.572,151866.0008,403876.9365,9972884.7999
20260502,116630.4475,155293.3509,393749.69369999995,9412951.1031
20260509,125613.56910000001,149546.7666,391284.58259999997,9884989.0924
20260516,198310.0476,171068.5286,398356.4276,9883418.6422
20260523,136796.7052,158135.1611,401336.5425,9648068.0565
20260530,129122.75730000001,156389.3194,398026.3728,9932456.6276
