stat,pool,n,core_event,core_med,diff,q1,q3,pmin,pmax,rank_of,hubs_ratio,ring_ratio,adj_diff
8,all_26,26,73972.4531,73896.24265,76.21044999999867,72637.23195,77078.42945,69592.159,79288.3881,14/27,1.0308968351598053,0.9727288372036705,-2206.9495780860307
8,ordinary,18,73972.4531,73199.8199,772.6331999999966,72367.06225,77078.42945,69592.159,79001.2853,9/19,1.0308968351598053,0.9727288372036705,-1489.0095691777387
8,2026_all,12,73972.4531,72721.49960000001,1250.9534999999887,71412.1415,73371.868475,69592.159,77146.44529999999,3/13,1.0267053518329414,0.9813936432971737,-691.0997326371289
8,2026_ordinary,11,73972.4531,72552.9643,1419.488799999992,71328.8189,73199.8199,69592.159,77146.44529999999,3/12,1.0273988483917822,0.9820910004624898,-568.3788692300877
9,all_26,26,88706.8398,92647.7441,-3940.9042999999947,90741.732425,97008.79985,84169.1091,101538.7718,23/27,1.033095583129181,0.9637697566793307,-7007.135416592646
9,ordinary,18,88706.8398,91310.41775,-2603.5779499999917,90651.673625,96029.01595,84169.1091,98767.9801,16/19,1.0331091673029111,0.9561654495777646,-5626.789847783439
9,2026_all,12,88706.8398,90985.73499999999,-2278.8951999999845,89559.2773,91537.19707499999,84169.1091,93089.5132,10/13,1.0306695560507808,0.9561654495777646,-5069.387299403985
9,2026_ordinary,11,88706.8398,90903.29119999999,-2196.451399999991,89099.98860000001,91310.41775,84169.1091,93089.5132,9/12,1.0309865830454052,0.9563410116470148,-5013.2337818694505
10,all_26,26,104298.15100000001,112819.24465000001,-8521.093649999995,108733.645725,120236.8493,102355.7848,123165.4664,25/27,1.0237658220142076,0.9378277077209334,-11202.335738129244
10,ordinary,18,104298.15100000001,111729.61515,-7431.464149999985,108663.606075,116803.02505,102355.7848,122516.3228,17/19,1.0237658220142076,0.925308611225089,-10086.810297370801
10,2026_all,12,104298.15100000001,110037.66894999999,-5739.5179499999795,107904.26795000001,112666.03964999999,102355.7848,114375.5428,11/13,1.0224180784995058,0.925308611225089,-8206.35105042372
10,2026_ordinary,11,104298.15100000001,109757.33009999999,-5459.179099999979,107893.9626,111580.91375,102355.7848,114375.5428,10/12,1.0225219013709008,0.9281461654841072,-7931.122863245575
11,all_26,26,119082.0529,137978.52145,-18896.468550000005,132195.938425,146883.580075,122788.5001,167809.46309999996,27/27,1.0227771638691225,0.9067140386933704,-22039.22794348591
11,ordinary,18,119082.0529,135523.03269999998,-16440.979799999986,131046.903875,142140.52685000002,122788.5001,149218.68310000002,19/19,1.0277249192929965,0.9067140386933704,-20198.34494394959
11,2026_all,12,119082.0529,132918.3296,-13836.276700000002,129569.9433,136453.670125,122788.5001,144052.78470000002,13/13,1.0216148997520258,0.9010828458033697,-16709.293069510735
11,2026_ordinary,11,119082.0529,132749.5513,-13667.498399999997,129268.92629999999,136494.22215,122788.5001,144052.78470000002,12/12,1.022773522090696,0.9064662433640431,-16690.673239060518
12,all_26,26,131255.1983,162194.9398,-30939.741500000004,151905.0496,169573.1243,139408.7373,238161.3675,27/27,1.0225264689133144,0.8837980207422299,-34593.42076930159
12,ordinary,18,131255.1983,156112.91595,-24857.717650000006,150263.668025,162845.8167,139408.7373,175067.7232,19/19,1.0299454107175363,0.8927492432928111,-29532.583036434982
12,2026_all,12,131255.1983,153355.1715,-22099.973200000008,148421.50375,158877.391275,139408.7373,167509.4049,13/13,1.028331395725215,0.8731636769392761,-26444.739250274724
12,2026_ordinary,11,131255.1983,152095.9762,-20840.777900000016,148402.2778,160143.31745,139408.7373,167509.4049,12/12,1.0296239070498063,0.8629167151399956,-25346.454961598385
13,all_26,26,141401.41879999998,176814.26599999997,-35412.84719999999,166959.2088,190862.505275,154367.9205,306419.037,27/27,1.0187522656880788,0.8608930159479126,-38728.5152934746
13,ordinary,18,141401.41879999998,172653.3002,-31251.881400000013,164226.562425,183198.67957500002,154367.9205,193129.8962,19/19,1.0278582405655299,0.8764547234107565,-36061.69857140427
13,2026_all,12,141401.41879999998,170096.02195000002,-28694.60315000004,162612.021375,176492.66462499998,154367.9205,186487.5011,13/13,1.0219041294148754,0.8513253887541267,-32420.408427748334
13,2026_ordinary,11,141401.41879999998,168201.6912,-26800.272400000016,162595.55715,178971.91965,154367.9205,186487.5011,12/12,1.0224894097904604,0.8388844914845341,-30583.029160845297
14,all_26,26,147571.2017,181699.88095000002,-34128.679250000016,174535.2375,199660.5845,162404.01679999998,341387.6409,27/27,1.0104633976039634,0.8569056058062703,-36029.87734897269
14,ordinary,18,147571.2017,180396.36095,-32825.15925,172058.1067,189369.365525,165522.4748,200396.6277,19/19,1.0189753762649527,0.8654015576847272,-36248.24807585447
14,2026_all,12,147571.2017,178693.1294,-31121.9277,169707.108125,184328.14385,165522.4748,197452.4549,13/13,1.0122734121736965,0.8439924427354148,-33315.10212973389
14,2026_ordinary,11,147571.2017,176904.3126,-29333.1109,169642.10765000002,186513.18349999998,165522.4748,197452.4549,12/12,1.0130262946295507,0.8319942243693433,-31637.518597165734
15,all_26,26,151502.8878,181364.31290000002,-29861.425100000022,174939.6086,198887.618425,161387.9949,312449.99860000005,27/27,1.01484462797133,0.8506003129810613,-32553.71085227639
15,ordinary,18,151502.8878,177610.9386,-26108.050799999997,173718.36675,188826.43502499998,166829.58620000002,200914.8856,19/19,1.0226677707739162,0.8602182780200562,-30134.094843124913
15,2026_all,12,151502.8878,177610.9386,-26108.050799999997,171946.53492499999,184670.6336,166829.58620000002,192805.8169,13/13,1.0132349128306641,0.8388152963487796,-28458.716090143454
15,2026_ordinary,11,151502.8878,177074.4499,-25571.56210000001,171615.95015,184584.7927,166829.58620000002,192805.8169,12/12,1.0145940791863182,0.8295647804730063,-28155.80064371432
16,all_26,26,153961.21860000002,179129.8051,-25168.586499999976,168768.30294999998,188698.06405,150270.77959999998,281825.1251,26/27,1.0159195857550363,0.8604390978954185,-28020.25879357237
16,ordinary,18,153961.21860000002,171937.51189999998,-17976.29329999996,166384.6338,181420.611575,158884.97460000002,189225.2279,19/19,1.0220005471524776,0.8705166925943325,-21759.012637835607
16,2026_all,12,153961.21860000002,174107.6248,-20146.40619999997,170192.41785,181656.242,158892.7852,187116.57249999998,13/13,1.0132756016423392,0.8514773389590445,-22457.789669738617
16,2026_ordinary,11,153961.21860000002,172406.3548,-18445.13619999998,169632.5801,179359.47735,158892.7852,187116.57249999998,12/12,1.0121597032041554,0.8544989426941412,-20541.546304878313
17,all_26,26,151711.973,169953.35885000002,-18241.38585000002,160560.1546,187525.1564,138634.9635,241957.6359,22/27,1.0113758465302607,0.8998238604119244,-20174.749177579943
17,ordinary,18,151711.973,166491.43939999997,-14779.466399999976,159653.36042500002,172218.38155000002,145841.1139,177689.96,15/19,1.018961382544873,0.9033260334330895,-17936.37427290989
17,2026_all,12,151711.973,168747.56655,-17035.59354999999,162874.1638,174347.97574999998,149972.2713,190803.5552,12/13,1.0076645425434354,0.8843360687437792,-18328.96645292366
17,2026_ordinary,11,151711.973,167926.2438,-16214.270799999998,162751.2564,171875.04619999998,149972.2713,177689.96,11/12,1.005536774190218,0.8887925945124702,-17144.040492532076
18,all_26,26,151353.617,158503.88115,-7150.264150000003,148975.46325,171705.812275,125589.4366,212347.8861,19/27,1.0179073426667533,0.9190003084633006,-9988.647463763395
18,ordinary,18,151353.617,155892.90045,-4539.283449999988,147070.3627,159687.20510000002,132479.5107,169759.8409,12/19,1.0225028434936625,0.922943253897816,-8047.316990599444
18,2026_all,12,151353.617,157669.7675,-6316.150499999989,151545.51525,160113.2562,136950.4877,198497.78329999998,10/13,1.0081103753874499,0.8990553910558091,-7594.911501676921
18,2026_ordinary,11,151353.617,157470.44189999998,-6116.824899999978,150833.3578,159504.3598,136950.4877,169759.8409,9/12,1.0061189156936414,0.8995963126061878,-7080.373258226522
19,all_26,26,152810.7076,143503.76,9306.947599999985,132856.2455,149502.758325,111696.7173,211243.5759,6/27,1.0101431741217732,0.9997451911392978,7851.3639751908195
19,ordinary,18,152810.7076,139788.1349,13022.57269999999,132101.399975,145522.379025,117825.79980000001,158333.77060000002,2/19,1.0101431741217732,0.9997451911392978,11604.677307551377
19,2026_all,12,152810.7076,142888.55285,9922.154749999987,136120.454075,146144.862325,123274.2871,211243.5759,3/13,0.9968622019728904,0.9660855173824457,10370.510169229237
19,2026_ordinary,11,152810.7076,142857.7098,9952.997799999983,134867.91515,145044.29405000003,123274.2871,158333.77060000002,2/12,0.9969590937645556,0.9692064967694694,10387.414700512105
20,all_26,26,138307.9207,121650.6743,16657.24639999999,114250.174275,128908.0856,96538.6458,198310.0476,5/27,1.0045975298496852,1.0590654258706527,16097.953793671404
20,ordinary,18,138307.9207,118298.87765000001,20009.04304999998,113432.702725,127146.492925,100711.5747,136796.7052,1/19,1.0045975298496852,1.0590654258706527,19465.160428819843
20,2026_all,12,138307.9207,123585.2524,14722.66829999999,116002.557475,127996.118325,104881.3849,198310.0476,2/13,0.9950493757769641,1.0148621214055662,15334.492444141448
20,2026_ordinary,11,138307.9207,121556.9357,16750.984999999986,115374.66745,126672.41384999998,104881.3849,136796.7052,1/12,0.9928217426642754,1.017184025300283,17623.55196539672
21,all_26,26,101009.5978,99650.8726,1358.7252000000008,95184.1111,106665.139275,83974.8382,156911.4591,12/27,1.010696869276084,1.012710275637152,292.7728425500827
21,ordinary,18,101009.5978,98641.57740000001,2368.020399999994,94451.11875,105284.63690000001,86506.367,109432.02279999999,8/19,1.010696869276084,1.012710275637152,1312.864341365479
21,2026_all,12,101009.5978,102355.48430000001,-1345.8865000000078,95741.4751,105821.81792500001,88763.1624,156911.4591,7/13,0.9986866746463963,0.9701478498920669,-1211.4604473884247
21,2026_ordinary,11,101009.5978,99966.6073,1042.9904999999999,95711.1097,105234.7627,88763.1624,109432.02279999999,6/12,0.9983366064800181,0.9760002246945461,1209.2743067973934
22,all_26,26,75118.14129999999,82142.61275,-7024.471450000012,79067.892375,86551.304225,72963.7962,110120.32630000002,23/27,1.0159669417096369,0.9573430523137916,-8336.037759656523
22,ordinary,18,75118.14129999999,81278.2268,-6160.085500000016,78863.35985,86397.901975,73586.2,87910.8936,16/19,1.0159669417096369,0.9573430523137916,-7457.850209578261
22,2026_all,12,75118.14129999999,83670.2622,-8552.120900000009,80382.261225,86769.711125,74972.4301,110120.32630000002,12/13,1.007448136781491,0.9243115395579482,-9175.308457408828
22,2026_ordinary,11,75118.14129999999,81300.6927,-6182.551400000011,80081.27294999998,86531.15205,74972.4301,87910.8936,11/12,1.007595948614571,0.925335655361637,-6800.107284078229
23,all_26,26,58293.9057,65582.87724999999,-7288.9715499999875,62998.313475,68862.706225,59468.776300000005,75604.59139999999,27/27,1.0166875665163508,0.9459176225233069,-8383.390176443034
23,ordinary,18,58293.9057,64421.35735,-6127.451649999995,62673.682525,68325.670725,59468.776300000005,69087.2408,19/19,1.01226670708751,0.9459176225233069,-6917.689570792252
23,2026_all,12,58293.9057,65063.231499999994,-6769.325799999991,62825.67155,68599.2803,59468.776300000005,75604.59139999999,13/13,1.0017657073747874,0.929510164241901,-6884.208427687045
23,2026_ordinary,11,58293.9057,64067.0652,-5773.159499999994,62718.4209,68166.97015000001,59468.776300000005,68984.0876,12/12,1.0022084587066906,0.9310831035246091,-5914.64896795305
w11_17,all_26,26,996485.9511000001,1186866.68105,-190380.72994999995,1141386.0723249998,1273334.630575,1037631.9676999999,1881328.675,27/27,1.016907257939338,0.8710393135564295,-210447.39106611826
w11_17,ordinary,18,996485.9511000001,1151323.4115,-154837.46039999987,1124300.8125,1216248.64385,1078101.2169,1280798.2763,19/19,1.0234116930239385,0.8832289665254011,-181791.8906813116
w11_17,2026_all,12,996485.9511000001,1151323.4115,-154837.46039999987,1118158.2258000001,1206169.0713,1078101.2169,1250943.6934,13/13,1.0183068305074552,0.8590343165477597,-175914.5429535954
w11_17,2026_ordinary,11,996485.9511000001,1146181.2103,-149695.25919999985,1117543.471,1194869.5876500001,1078101.2169,1250943.6934,12/12,1.0194258615001748,0.8547538215732836,-171960.81664539047
w19_21,all_26,26,392128.22609999997,367900.50285000005,24227.723249999923,342408.85282499995,382725.4055,292210.2013,566465.0826,6/27,1.008097959241986,1.0242555011458576,21248.479972814384
w19_21,ordinary,18,392128.22609999997,355692.61439999996,36435.61170000001,340718.21379999997,377993.965675,305043.7415,404562.4986,2/19,1.008097959241986,1.0242555011458576,33555.22740591335
w19_21,2026_all,12,392128.22609999997,369024.61605000007,23103.6100499999,349418.449975,379808.982875,316918.83440000005,566465.0826,3/13,0.9966628824714867,0.981698407815461,24335.088564673206
w19_21,2026_ordinary,11,392128.22609999997,364442.93890000007,27685.287199999904,346989.66784999997,377044.94075,316918.83440000005,404562.4986,2/12,0.9945937463380969,0.9819954186551854,29655.55817298271
