hour,base,core_event,core_med,core_diff,core_min,core_max,hubs_ratio,ring_ratio,core_vs_hubs,adj_diff
8,2026,73972.4531,72721.49960000001,1250.9534999999887,69592.159,77146.44529999999,1.0267053518329414,0.9813936432971737,0.990743813997356,-691.0997326371289
8,2025,73972.4531,76818.7012,-2846.248099999997,72387.7433,79288.3881,1.0369977988055301,0.9699669198642304,0.9285926172716683,-5688.370951499732
8,both,73972.4531,73896.24265,76.21044999999867,69592.159,79288.3881,1.0308968351598053,0.9727288372036705,0.9710295762305723,-2206.9495780860307
9,2026,88706.8398,90985.73499999999,-2278.8951999999845,84169.1091,93089.5132,1.0306695560507808,0.9561654495777646,0.9459416586036207,-5069.387299403985
9,2025,88706.8398,97008.7495,-8301.909700000004,88675.1012,101538.7718,1.0347422311417498,0.9695958793247806,0.8837186633089942,-11672.210097901116
9,both,88706.8398,92647.7441,-3940.9042999999947,84169.1091,101538.7718,1.033095583129181,0.9637697566793307,0.9267908850224214,-7007.135416592646
10,2026,104298.15100000001,110037.66894999999,-5739.5179499999795,102355.7848,114375.5428,1.0224180784995058,0.925308611225089,0.9270575763559605,-8206.35105042372
10,2025,104298.15100000001,119959.92439999999,-15661.773399999976,107411.1668,123165.4664,1.026584123775558,0.9517910971947171,0.846926812736253,-18850.802878356146
10,both,104298.15100000001,112819.24465000001,-8521.093649999995,102355.7848,123165.4664,1.0237658220142076,0.9378277077209334,0.9030104889208999,-11202.335738129244
11,2026,119082.0529,132918.3296,-13836.276700000002,122788.5001,144052.78470000002,1.0216148997520258,0.9010828458033697,0.8769487631909734,-16709.293069510735
11,2025,119082.0529,146184.61865,-27102.565749999994,127698.39779999999,167809.46309999996,1.0268862294101178,0.9148565434320166,0.7932723261230857,-31032.918943254466
11,both,119082.0529,137978.52145,-18896.468550000005,122788.5001,167809.46309999996,1.0227771638691225,0.9067140386933704,0.8438277500618134,-22039.22794348591
12,2026,131255.1983,153355.1715,-22099.973200000008,139408.7373,167509.4049,1.028331395725215,0.8731636769392761,0.8323097671370723,-26444.739250274724
12,2025,131255.1983,169304.58120000002,-38049.382900000026,142593.0198,238161.3675,1.0195364501554138,0.8882949402003665,0.760405142872104,-41356.99341169704
12,both,131255.1983,162194.9398,-30939.741500000004,139408.7373,238161.3675,1.0225264689133144,0.8837980207422299,0.7914156839928442,-34593.42076930159
13,2026,141401.41879999998,170096.02195000002,-28694.60315000004,154367.9205,186487.5011,1.0219041294148754,0.8513253887541267,0.8134848255549068,-32420.408427748334
13,2025,141401.41879999998,188336.16220000002,-46934.743400000036,154642.79529999997,306419.037,1.013859599857544,0.8689696824665057,0.7405292768629513,-49545.007246797526
13,both,141401.41879999998,176814.26599999997,-35412.84719999999,154367.9205,306419.037,1.0187522656880788,0.8608930159479126,0.7849967830811659,-38728.5152934746
14,2026,147571.2017,178693.1294,-31121.9277,165522.4748,197452.4549,1.0122734121736965,0.8439924427354148,0.8158229704273631,-33315.10212973389
14,2025,147571.2017,196200.94545,-48629.743749999994,162404.01679999998,341387.6409,1.0079607471160672,0.8682634515989037,0.7462028411070659,-50191.64986066075
14,both,147571.2017,181699.88095000002,-34128.679250000016,162404.01679999998,341387.6409,1.0104633976039634,0.8569056058062703,0.8037599913050495,-36029.87734897269
15,2026,151502.8878,177610.9386,-26108.050799999997,166829.58620000002,192805.8169,1.0132349128306641,0.8388152963487796,0.8418622890940897,-28458.716090143454
15,2025,151502.8878,195439.3685,-43936.480700000015,161387.9949,312449.99860000005,1.0160652238593857,0.8719795120324293,0.7629345330369538,-47076.25790588948
15,both,151502.8878,181364.31290000002,-29861.425100000022,161387.9949,312449.99860000005,1.01484462797133,0.8506003129810613,0.8231320632313892,-32553.71085227639
16,2026,153961.21860000002,174107.6248,-20146.40619999997,158892.7852,187116.57249999998,1.0132756016423392,0.8514773389590445,0.8727019843836701,-22457.789669738617
16,2025,153961.21860000002,186510.17725,-32548.958649999986,150270.77959999998,281825.1251,1.0206785089996497,0.895239149152233,0.8087603182980343,-36405.71102879039
16,both,153961.21860000002,179129.8051,-25168.586499999976,150270.77959999998,281825.1251,1.0159195857550363,0.8604390978954185,0.8460268638605851,-28020.25879357237
17,2026,151711.973,168747.56655,-17035.59354999999,149972.2713,190803.5552,1.0076645425434354,0.8843360687437792,0.892208508657422,-18328.96645292366
17,2025,151711.973,173319.50535,-21607.532349999994,138634.9635,241957.6359,1.0226848836061964,0.9349449737635537,0.8559148843116341,-25539.26515554826
17,both,151711.973,169953.35885000002,-18241.38585000002,138634.9635,241957.6359,1.0113758465302607,0.8998238604119244,0.8826276461497883,-20174.749177579943
18,2026,151353.617,157669.7675,-6316.150499999989,136950.4877,198497.78329999998,1.0081103753874499,0.8990553910558091,0.9522177929341649,-7594.911501676921
18,2025,151353.617,163227.8282,-11874.21119999999,125589.4366,212347.8861,1.030465681372562,0.9561117838053395,0.8998395328405435,-16847.058205076464
18,both,151353.617,158503.88115,-7150.264150000003,125589.4366,212347.8861,1.0179073426667533,0.9190003084633006,0.9380903230969169,-9988.647463763395
19,2026,152810.7076,142888.55285,9922.154749999987,123274.2871,211243.5759,0.9968622019728904,0.9660855173824457,1.0728060642731807,10370.510169229237
19,2025,152810.7076,147062.93774999998,5747.7698500000115,111696.7173,198291.9146,1.0282427383474846,1.027944360863351,1.0105432334157072,1594.3097785143473
19,both,152810.7076,143503.76,9306.947599999985,111696.7173,211243.5759,1.0101431741217732,0.9997451911392978,1.054162524324835,7851.3639751908195
20,2026,138307.9207,123585.2524,14722.66829999999,104881.3849,198310.0476,0.9950493757769641,1.0148621214055662,1.1246976087568812,15334.492444141448
20,2025,138307.9207,120784.69334999999,17523.22735,96538.6458,179992.605,1.0275428406777347,1.0830634655229003,1.1143848866289203,14196.473784751914
20,both,138307.9207,121650.6743,16657.24639999999,96538.6458,198310.0476,1.0045975298496852,1.0590654258706527,1.1317237390794006,16097.953793671404
21,2026,101009.5978,102355.48430000001,-1345.8865000000078,88763.1624,156911.4591,0.9986866746463963,0.9701478498920669,0.9881486215447258,-1211.4604473884247
21,2025,101009.5978,99612.36309999999,1397.2347000000154,83974.8382,133512.98449999996,1.0345715554596213,1.0295841793116722,0.9801416967152977,-2046.5196353755891
21,both,101009.5978,99650.8726,1358.7252000000008,83974.8382,156911.4591,1.010696869276084,1.012710275637152,1.0029068911045773,292.7728425500827
22,2026,75118.14129999999,83670.2622,-8552.120900000009,74972.4301,110120.32630000002,1.007448136781491,0.9243115395579482,0.8911503979987202,-9175.308457408828
22,2025,75118.14129999999,81733.02984999999,-6614.888550000003,72963.7962,98095.7068,1.0419274030029066,0.9675292824145278,0.8820836547117382,-10041.74223116954
22,both,75118.14129999999,82142.61275,-7024.471450000012,72963.7962,110120.32630000002,1.0159669417096369,0.9573430523137916,0.9001123987607909,-8336.037759656523
23,2026,58293.9057,65063.231499999994,-6769.325799999991,59468.776300000005,75604.59139999999,1.0017657073747874,0.929510164241901,0.8943785269055108,-6884.208427687045
23,2025,58293.9057,66358.88200000001,-8064.976300000009,62112.036700000004,72273.4066,1.0386391506934372,0.9535767397980509,0.8457838820368018,-10629.02714144603
23,both,58293.9057,65582.87724999999,-7288.9715499999875,59468.776300000005,75604.59139999999,1.0166875665163508,0.9459176225233069,0.8742691936400968,-8383.390176443034
