stat,pool,n_placebo,event_ratio,pl_min,pl_max,n_as_low,n_as_high
14,all_26,26,0.8037599913050495,0.846941522022382,1.7292522726277781,0,26
14,ordinary,18,0.8028051540788812,0.8448160678485834,1.1294001261733313,0,18
14,2026_all,12,0.8158229704273631,0.8534672425147282,1.1433798149997054,0,12
14,2026_ordinary,11,0.8234599379723035,0.857867532796368,1.1528229689061018,0,11
20,all_26,26,1.1317237390794006,0.8339232405612446,1.6125506891123598,23,3
20,ordinary,18,1.1637891983020545,0.8872776999667221,1.149332099684296,18,0
20,2026_all,12,1.1246976087568812,0.8518275958371626,1.640538197979346,11,1
20,2026_ordinary,11,1.1460301126830488,0.8666216922889756,1.143243074165056,11,0
w11_17,all_26,26,0.8256346198138647,0.8417872609449235,1.5396448678478414,0,26
w11_17,ordinary,18,0.8457139019040875,0.8686960619761394,1.1281963684302092,0,18
w11_17,2026_all,12,0.8499535407517889,0.8731345916581904,1.1171843104844466,0,12
w11_17,2026_ordinary,11,0.8528295670865672,0.8758477413120976,1.1159609183420678,0,11
w19_21,all_26,26,1.057292101266505,0.829886799238303,1.5237560185714192,21,5
w19_21,ordinary,18,1.0935799057043352,0.8967855505774253,1.125002842352185,16,2
w19_21,2026_all,12,1.0661651512253565,0.8680193732913237,1.5608120348034364,10,2
w19_21,2026_ordinary,11,1.0818146050641086,0.8790364990741174,1.1227442662415186,10,1
