group,pool,n,event,median,diff,pmin,pmax,rank,ratio_vs_control
nostop,all_26,26,50870,91083.0,-40213.0,73699,189594,27/27,0.5222297634581587
nostop,ordinary,18,50870,88785.5,-37915.5,80115,108375,19/19,0.5328813472367097
nostop,2026_all,12,50870,89388.0,-38518.0,80981,108375,13/13,0.5392600925422106
nostop,2026_ordinary,11,50870,89355.0,-38485.0,80981,108375,12/12,0.5331876013723884
nearby,all_26,26,135459,109959.0,25500.0,82385,140971,3/27,1.151898711429433
nearby,ordinary,18,135459,106425.5,29033.5,93515,121826,1/19,1.183785433743294
nearby,2026_all,12,135459,110214.5,25244.5,103454,139829,2/13,1.1646217458725943
nearby,2026_ordinary,11,135459,110020.0,25439.0,103454,121826,1/12,1.1531170348608968
all8,all_26,26,186329,199921.0,-13592.0,156084,321422,21/27,0.8714836558196913
all8,ordinary,18,186329,198332.0,-12003.0,174842,230201,14/19,0.8737727322566798
all8,2026_all,12,186329,200726.0,-14397.0,184435,243668,12/13,0.8796149206512269
all8,2026_ordinary,11,186329,200589.0,-14260.0,184435,230201,11/12,0.8699824730968579
outer,all_26,26,230755,232032.0,-1277.0,184367,272811,15/27,0.9299089882376635
outer,ordinary,18,230755,228692.5,2062.5,189096,253882,9/19,0.9384475909478743
outer,2026_all,12,230755,245376.5,-14621.5,211344,272811,10/13,0.8911153345911991
outer,2026_ordinary,11,230755,244249.0,-13494.0,211344,253882,9/12,0.8848211379581533
control,all_26,26,332505,310910.5,21594.5,274894,375752,4/27,1.0
control,ordinary,18,332505,309249.5,23255.5,274894,375752,3/19,1.0
control,2026_all,12,332505,315075.0,17430.0,307481,375752,3/13,1.0
control,2026_ordinary,11,332505,311412.0,21093.0,307481,375752,3/12,1.0
