date,nostop,nearby,outer,control,all8
20250301,189594,131828,233283,297189,321422
20250308,131664,129370,222437,314391,261034
20250315,155268,140971,240465,326697,296239
20250322,144273,129401,250330,333301,273674
20250329,128252,123147,230781,314047,251399
20250405,73699,82385,184367,293716,156084
20250412,83145,93515,196947,295900,176660
20250419,83331,95990,207649,274894,179321
20250426,111025,128844,259650,324902,239869
20250503,86274,96281,219683,294660,182555
20250510,80115,94727,189096,297451,174842
20250517,92281,105628,225025,322638,197909
20250524,91597,103019,219925,303469,194616
20250531,96236,102519,216943,301014,198755
20260307,80981,103454,211344,310409,184435
20260314,88216,112647,244249,328939,200863
20260321,50870,135459,230755,332505,186329
20260328,108375,121826,253882,332651,230201
20260404,87728,111141,234745,375752,198869
20260411,89355,109898,250677,328346,199253
20260418,95846,110409,242811,307481,206255
20260425,90569,110020,248651,318738,200589
20260502,100248,107300,246504,311412,207548
20260509,85534,105601,227604,307864,191135
20260516,103839,139829,272811,324631,243668
20260523,89421,112209,251519,309887,201630
20260530,82724,107223,229781,308612,189947
