date,nostop,nearby,ring2,control,core8,core8_ring2
2026-03-07,80981,103454,211344,310409,184435,395779
2026-03-14,88216,112647,244249,328939,200863,445112
2026-03-21,50870,135459,230755,332505,186329,417084
2026-03-28,108375,121826,253882,332651,230201,484083
2026-04-04,87728,111141,234745,375752,198869,433614
2026-04-11,89355,109898,250677,328346,199253,449930
2026-04-18,95846,110409,242811,307481,206255,449066
2026-04-25,90569,110020,248651,318738,200589,449240
2026-05-02,100248,107300,246504,311412,207548,454052
2026-05-09,85534,105601,227604,307864,191135,418739
2026-05-16,103839,139829,272811,324631,243668,516479
2026-05-23,89421,112209,251519,309887,201630,453149
2026-05-30,82724,107223,229781,308612,189947,419728
