date,mean_t,min_t,precip,max_wind
20250301,6.0,2.1,2.6,9.1
20250308,5.7,2.7,0.0,11.4
20250315,12.2,8.7,0.4,12.5
20250322,12.6,8.3,0.0,15.0
20250329,3.2,-0.3,0.0,23.5
20250405,8.0,6.3,3.1,9.3
20250412,12.7,2.4,11.8,18.3
20250419,11.8,10.5,11.7,18.4
20250426,14.1,11.5,0.0,14.7
20250503,11.5,9.3,0.5,16.8
20250510,12.5,11.4,0.8,18.4
20250517,17.6,14.5,3.4,20.8
20250524,16.1,13.9,0.0,14.0
20250531,24.7,20.4,0.0,12.5
20260307,1.6,-1.8,0.0,12.5
20260314,7.6,4.3,0.0,13.0
20260321,8.6,4.7,0.0,9.7
20260328,14.4,9.2,0.0,9.6
20260404,14.2,9.9,0.0,17.2
20260411,12.1,9.2,0.0,15.3
20260418,22.9,18.0,0.0,9.6
20260425,20.4,15.3,0.0,14.6
20260502,18.6,15.7,0.5,13.6
20260509,18.5,14.7,0.0,14.1
20260516,26.3,21.5,0.0,14.6
20260523,20.5,17.3,0.0,5.4
20260530,23.3,19.1,0.0,13.4
