date,weekday,line,station,boardings,alightings
2026-03-07,Sat,5호선,광화문(세종문화회관),22688,23625
2026-03-07,Sat,3호선,경복궁(정부서울청사),25679,25551
2026-03-07,Sat,1호선,시청,18706,19685
2026-03-07,Sat,2호선,시청,14363,12120
2026-03-07,Sat,1호선,종각,27422,26890
2026-03-07,Sat,2호선,을지로입구,40034,40334
2026-03-07,Sat,3호선,안국,25557,27457
2026-03-07,Sat,5호선,서대문,9159,8773
2026-03-14,Sat,5호선,광화문(세종문화회관),24855,25178
2026-03-14,Sat,3호선,경복궁(정부서울청사),29532,29079
2026-03-14,Sat,1호선,시청,20137,21212
2026-03-14,Sat,2호선,시청,15299,12747
2026-03-14,Sat,1호선,종각,28979,27734
2026-03-14,Sat,2호선,을지로입구,42963,42606
2026-03-14,Sat,3호선,안국,29493,33198
2026-03-14,Sat,5호선,서대문,9397,9109
2026-03-16,Mon,5호선,광화문(세종문화회관),37911,39909
2026-03-16,Mon,3호선,경복궁(정부서울청사),29261,28795
2026-03-16,Mon,1호선,시청,29605,29679
2026-03-16,Mon,2호선,시청,31082,29472
2026-03-16,Mon,1호선,종각,45106,44055
2026-03-16,Mon,2호선,을지로입구,58647,59671
2026-03-16,Mon,3호선,안국,29373,29820
2026-03-16,Mon,5호선,서대문,23022,23307
2026-03-17,Tue,5호선,광화문(세종문화회관),39538,41264
2026-03-17,Tue,3호선,경복궁(정부서울청사),28125,27014
2026-03-17,Tue,1호선,시청,31876,31596
2026-03-17,Tue,2호선,시청,32611,31088
2026-03-17,Tue,1호선,종각,46339,45560
2026-03-17,Tue,2호선,을지로입구,59503,60776
2026-03-17,Tue,3호선,안국,31078,32800
2026-03-17,Tue,5호선,서대문,23626,23998
2026-03-18,Wed,5호선,광화문(세종문화회관),39811,41821
2026-03-18,Wed,3호선,경복궁(정부서울청사),29012,28627
2026-03-18,Wed,1호선,시청,30527,30605
2026-03-18,Wed,2호선,시청,31653,30095
2026-03-18,Wed,1호선,종각,45578,44943
2026-03-18,Wed,2호선,을지로입구,58029,60245
2026-03-18,Wed,3호선,안국,29927,31045
2026-03-18,Wed,5호선,서대문,22922,23233
2026-03-19,Thu,5호선,광화문(세종문화회관),44275,46134
2026-03-19,Thu,3호선,경복궁(정부서울청사),33910,33628
2026-03-19,Thu,1호선,시청,33173,33120
2026-03-19,Thu,2호선,시청,33177,31221
2026-03-19,Thu,1호선,종각,48827,47590
2026-03-19,Thu,2호선,을지로입구,61076,63232
2026-03-19,Thu,3호선,안국,33984,34827
2026-03-19,Thu,5호선,서대문,23810,24171
2026-03-20,Fri,5호선,광화문(세종문화회관),49609,48938
2026-03-20,Fri,3호선,경복궁(정부서울청사),35685,34577
2026-03-20,Fri,1호선,시청,34445,34727
2026-03-20,Fri,2호선,시청,34693,31615
2026-03-20,Fri,1호선,종각,50074,48256
2026-03-20,Fri,2호선,을지로입구,63996,65018
2026-03-20,Fri,3호선,안국,35815,36914
2026-03-20,Fri,5호선,서대문,23155,23104
2026-03-21,Sat,5호선,광화문(세종문화회관),7003,15004
2026-03-21,Sat,3호선,경복궁(정부서울청사),9524,13132
2026-03-21,Sat,1호선,시청,5664,13616
2026-03-21,Sat,2호선,시청,6998,9118
2026-03-21,Sat,1호선,종각,45631,39342
2026-03-21,Sat,2호선,을지로입구,57238,48588
2026-03-21,Sat,3호선,안국,27852,32845
2026-03-21,Sat,5호선,서대문,19113,14684
2026-03-22,Sun,5호선,광화문(세종문화회관),17613,18019
2026-03-22,Sun,3호선,경복궁(정부서울청사),20291,21088
2026-03-22,Sun,1호선,시청,12822,12860
2026-03-22,Sun,2호선,시청,10118,7781
2026-03-22,Sun,1호선,종각,17942,16335
2026-03-22,Sun,2호선,을지로입구,32329,31117
2026-03-22,Sun,3호선,안국,20784,23138
2026-03-22,Sun,5호선,서대문,6858,6659
2026-03-28,Sat,5호선,광화문(세종문화회관),26389,32710
2026-03-28,Sat,3호선,경복궁(정부서울청사),32705,32887
2026-03-28,Sat,1호선,시청,24851,27009
2026-03-28,Sat,2호선,시청,18407,15769
2026-03-28,Sat,1호선,종각,30248,28843
2026-03-28,Sat,2호선,을지로입구,42599,43330
2026-03-28,Sat,3호선,안국,34040,39288
2026-03-28,Sat,5호선,서대문,10949,10365
2026-04-04,Sat,5호선,광화문(세종문화회관),24447,24852
2026-04-04,Sat,3호선,경복궁(정부서울청사),30797,30871
2026-04-04,Sat,1호선,시청,18183,19462
2026-04-04,Sat,2호선,시청,15022,12543
2026-04-04,Sat,1호선,종각,27926,25805
2026-04-04,Sat,2호선,을지로입구,42349,41825
2026-04-04,Sat,3호선,안국,32634,34655
2026-04-04,Sat,5호선,서대문,9758,8856
2026-04-11,Sat,5호선,광화문(세종문화회관),23774,25440
2026-04-11,Sat,3호선,경복궁(정부서울청사),29590,31324
2026-04-11,Sat,1호선,시청,19083,19713
2026-04-11,Sat,2호선,시청,15720,12878
2026-04-11,Sat,1호선,종각,28773,27174
2026-04-11,Sat,2호선,을지로입구,41978,41339
2026-04-11,Sat,3호선,안국,29309,32151
2026-04-11,Sat,5호선,서대문,9552,9234
2026-04-18,Sat,5호선,광화문(세종문화회관),27749,29546
2026-04-18,Sat,3호선,경복궁(정부서울청사),30490,30066
2026-04-18,Sat,1호선,시청,23012,23845
2026-04-18,Sat,2호선,시청,15788,12389
2026-04-18,Sat,1호선,종각,29951,27948
2026-04-18,Sat,2호선,을지로입구,40597,40860
2026-04-18,Sat,3호선,안국,29036,31663
2026-04-18,Sat,5호선,서대문,10543,9938
2026-04-25,Sat,5호선,광화문(세종문화회관),24874,26022
2026-04-25,Sat,3호선,경복궁(정부서울청사),30018,31159
2026-04-25,Sat,1호선,시청,19993,20845
2026-04-25,Sat,2호선,시청,15306,12543
2026-04-25,Sat,1호선,종각,29338,28016
2026-04-25,Sat,2호선,을지로입구,40989,40892
2026-04-25,Sat,3호선,안국,28532,31642
2026-04-25,Sat,5호선,서대문,9912,9470
2026-05-02,Sat,5호선,광화문(세종문화회관),29366,32462
2026-05-02,Sat,3호선,경복궁(정부서울청사),31343,33712
2026-05-02,Sat,1호선,시청,21069,21835
2026-05-02,Sat,2호선,시청,15062,12239
2026-05-02,Sat,1호선,종각,29017,26845
2026-05-02,Sat,2호선,을지로입구,42296,41038
2026-05-02,Sat,3호선,안국,29372,31457
2026-05-02,Sat,5호선,서대문,8210,7960
2026-05-09,Sat,5호선,광화문(세종문화회관),24651,25276
2026-05-09,Sat,3호선,경복궁(정부서울청사),27125,27985
2026-05-09,Sat,1호선,시청,19227,20196
2026-05-09,Sat,2호선,시청,14464,12077
2026-05-09,Sat,1호선,종각,28164,27788
2026-05-09,Sat,2호선,을지로입구,38689,39271
2026-05-09,Sat,3호선,안국,26291,29293
2026-05-09,Sat,5호선,서대문,9689,9249
2026-05-16,Sat,5호선,광화문(세종문화회관),35059,33084
2026-05-16,Sat,3호선,경복궁(정부서울청사),32336,32844
2026-05-16,Sat,1호선,시청,23336,23890
2026-05-16,Sat,2호선,시청,17400,14021
2026-05-16,Sat,1호선,종각,57719,45210
2026-05-16,Sat,2호선,을지로입구,50407,47479
2026-05-16,Sat,3호선,안국,36823,36095
2026-05-16,Sat,5호선,서대문,12944,11045
2026-05-23,Sat,5호선,광화문(세종문화회관),25651,26487
2026-05-23,Sat,3호선,경복궁(정부서울청사),27753,30206
2026-05-23,Sat,1호선,시청,18920,19794
2026-05-23,Sat,2호선,시청,15390,12934
2026-05-23,Sat,1호선,종각,30412,29628
2026-05-23,Sat,2호선,을지로입구,42987,42946
2026-05-23,Sat,3호선,안국,27665,30874
2026-05-23,Sat,5호선,서대문,8947,8761
2026-05-30,Sat,5호선,광화문(세종문화회관),22477,23898
2026-05-30,Sat,3호선,경복궁(정부서울청사),26329,27158
2026-05-30,Sat,1호선,시청,18261,18670
2026-05-30,Sat,2호선,시청,15011,12998
2026-05-30,Sat,1호선,종각,28778,28521
2026-05-30,Sat,2호선,을지로입구,40097,40950
2026-05-30,Sat,3호선,안국,25700,28445
2026-05-30,Sat,5호선,서대문,9476,9307
