date,line,station,board,alight
20250301,1호선,서울역,78149,69951
20250301,1호선,시청,54123,59070
20250301,1호선,종각,52059,41200
20250301,1호선,종로3가,37997,32828
20250301,2호선,강남,49768,50633
20250301,2호선,건대입구,36715,38594
20250301,2호선,시청,28953,22435
20250301,2호선,을지로입구,45117,38308
20250301,2호선,잠실(송파구청),80835,78523
20250301,2호선,홍대입구,86912,99555
20250301,3호선,경복궁(정부서울청사),41584,44062
20250301,3호선,안국,35723,42361
20250301,3호선,종로3가,9970,13436
20250301,4호선,명동,39052,41211
20250301,4호선,서울역,8515,22515
20250301,4호선,회현(남대문시장),31420,30900
20250301,5호선,광화문(세종문화회관),55603,64027
20250301,5호선,서대문,13376,9959
20250301,5호선,여의도,25931,29884
20250301,5호선,종로3가,21955,22442
20250308,1호선,서울역,69111,63447
20250308,1호선,시청,34343,35248
20250308,1호선,종각,40711,35604
20250308,1호선,종로3가,35476,31462
20250308,2호선,강남,67413,64248
20250308,2호선,건대입구,41282,43596
20250308,2호선,시청,19823,15701
20250308,2호선,을지로입구,40531,38574
20250308,2호선,잠실(송파구청),81421,79348
20250308,2호선,홍대입구,93320,106220
20250308,3호선,경복궁(정부서울청사),41876,38815
20250308,3호선,안국,35409,44942
20250308,3호선,종로3가,10274,13252
20250308,4호선,명동,37699,41079
20250308,4호선,서울역,8542,22349
20250308,4호선,회현(남대문시장),28536,29529
20250308,5호선,광화문(세종문화회관),44329,41900
20250308,5호선,서대문,11149,10250
20250308,5호선,여의도,18607,20979
20250308,5호선,종로3가,20460,21319
20250315,1호선,서울역,73747,68052
20250315,1호선,시청,33640,35991
20250315,1호선,종각,51616,40143
20250315,1호선,종로3가,41758,32827
20250315,2호선,강남,67551,68841
20250315,2호선,건대입구,42638,45217
20250315,2호선,시청,20516,15940
20250315,2호선,을지로입구,45939,42664
20250315,2호선,잠실(송파구청),85668,83103
20250315,2호선,홍대입구,96652,110620
20250315,3호선,경복궁(정부서울청사),48189,54738
20250315,3호선,안국,44246,46996
20250315,3호선,종로3가,11968,14730
20250315,4호선,명동,41394,45570
20250315,4호선,서울역,9476,23676
20250315,4호선,회현(남대문시장),30200,31668
20250315,5호선,광화문(세종문화회관),44919,48599
20250315,5호선,서대문,13100,11168
20250315,5호선,여의도,17197,18916
20250315,5호선,종로3가,23852,23942
20250322,1호선,서울역,79794,75042
20250322,1호선,시청,32847,33973
20250322,1호선,종각,43201,35574
20250322,1호선,종로3가,39705,32397
20250322,2호선,강남,68198,68551
20250322,2호선,건대입구,44756,47455
20250322,2호선,시청,19881,15646
20250322,2호선,을지로입구,43387,41058
20250322,2호선,잠실(송파구청),85344,81447
20250322,2호선,홍대입구,101457,116745
20250322,3호선,경복궁(정부서울청사),47788,50632
20250322,3호선,안국,39298,41933
20250322,3호선,종로3가,11803,15270
20250322,4호선,명동,42635,47378
20250322,4호선,서울역,9463,24754
20250322,4호선,회현(남대문시장),29365,30799
20250322,5호선,광화문(세종문화회관),41590,44022
20250322,5호선,서대문,12511,10836
20250322,5호선,여의도,17471,19103
20250322,5호선,종로3가,23269,24690
20250329,1호선,서울역,74765,71873
20250329,1호선,시청,27715,30850
20250329,1호선,종각,36756,33143
20250329,1호선,종로3가,34635,28792
20250329,2호선,강남,65346,65081
20250329,2호선,건대입구,39669,42290
20250329,2호선,시청,18247,14641
20250329,2호선,을지로입구,40272,39627
20250329,2호선,잠실(송파구청),81416,79579
20250329,2호선,홍대입구,97582,109501
20250329,3호선,경복궁(정부서울청사),40833,45240
20250329,3호선,안국,40379,40854
20250329,3호선,종로3가,15229,13893
20250329,4호선,명동,39391,43114
20250329,4호선,서울역,8849,23916
20250329,4호선,회현(남대문시장),27191,27379
20250329,5호선,광화문(세종문화회관),33848,37521
20250329,5호선,서대문,10814,9523
20250329,5호선,여의도,17124,17596
20250329,5호선,종로3가,24802,21814
20250405,1호선,서울역,64244,59097
20250405,1호선,시청,20091,20546
20250405,1호선,종각,21015,20560
20250405,1호선,종로3가,21521,21041
20250405,2호선,강남,61354,61479
20250405,2호선,건대입구,37097,39494
20250405,2호선,시청,14015,10576
20250405,2호선,을지로입구,33064,34839
20250405,2호선,잠실(송파구청),84186,83083
20250405,2호선,홍대입구,83803,93243
20250405,3호선,경복궁(정부서울청사),22348,21630
20250405,3호선,안국,18492,18744
20250405,3호선,종로3가,8029,10449
20250405,4호선,명동,32643,35776
20250405,4호선,서울역,7540,20428
20250405,4호선,회현(남대문시장),21538,22304
20250405,5호선,광화문(세종문화회관),21085,20947
20250405,5호선,서대문,8818,8242
20250405,5호선,여의도,15685,16417
20250405,5호선,종로3가,14733,15272
20250412,1호선,서울역,66063,61801
20250412,1호선,시청,20372,21309
20250412,1호선,종각,24199,23038
20250412,1호선,종로3가,24693,24371
20250412,2호선,강남,63095,62553
20250412,2호선,건대입구,37273,38342
20250412,2호선,시청,14953,11682
20250412,2호선,을지로입구,34155,34424
20250412,2호선,잠실(송파구청),91467,88406
20250412,2호선,홍대입구,81826,89119
20250412,3호선,경복궁(정부서울청사),26983,27034
20250412,3호선,안국,27280,27034
20250412,3호선,종로3가,9469,11504
20250412,4호선,명동,33521,35479
20250412,4호선,서울역,7649,21634
20250412,4호선,회현(남대문시장),25171,24970
20250412,5호선,광화문(세종문화회관),23149,23120
20250412,5호선,서대문,9666,9019
20250412,5호선,여의도,17671,17480
20250412,5호선,종로3가,17511,17188
20250419,1호선,서울역,71493,69313
20250419,1호선,시청,19743,20963
20250419,1호선,종각,23740,23704
20250419,1호선,종로3가,24791,24395
20250419,2호선,강남,61833,60931
20250419,2호선,건대입구,34234,36275
20250419,2호선,시청,14702,11474
20250419,2호선,을지로입구,34568,35564
20250419,2호선,잠실(송파구청),77049,74797
20250419,2호선,홍대입구,78483,87574
20250419,3호선,경복궁(정부서울청사),29649,27918
20250419,3호선,안국,27905,28195
20250419,3호선,종로3가,9558,11931
20250419,4호선,명동,33876,37205
20250419,4호선,서울역,8148,22512
20250419,4호선,회현(남대문시장),24415,24394
20250419,5호선,광화문(세종문화회관),23096,22976
20250419,5호선,서대문,9554,8527
20250419,5호선,여의도,14959,15317
20250419,5호선,종로3가,16913,17899
20250426,1호선,서울역,74905,70378
20250426,1호선,시청,24304,24500
20250426,1호선,종각,50249,36338
20250426,1호선,종로3가,48742,41083
20250426,2호선,강남,64613,65622
20250426,2호선,건대입구,43812,44832
20250426,2호선,시청,17558,13733
20250426,2호선,을지로입구,44662,42249
20250426,2호선,잠실(송파구청),93777,91435
20250426,2호선,홍대입구,91559,105183
20250426,3호선,경복궁(정부서울청사),36710,39609
20250426,3호선,안국,39372,39188
20250426,3호선,종로3가,13105,19177
20250426,4호선,명동,39704,43933
20250426,4호선,서울역,8797,24200
20250426,4호선,회현(남대문시장),29255,30772
20250426,5호선,광화문(세종문화회관),35378,33183
20250426,5호선,서대문,13635,11069
20250426,5호선,여의도,16213,17830
20250426,5호선,종로3가,26043,30107
20250503,1호선,서울역,75979,73719
20250503,1호선,시청,19330,20345
20250503,1호선,종각,22574,22074
20250503,1호선,종로3가,23859,22678
20250503,2호선,강남,54942,55443
20250503,2호선,건대입구,37525,38461
20250503,2호선,시청,15176,11708
20250503,2호선,을지로입구,37370,37160
20250503,2호선,잠실(송파구청),84406,82778
20250503,2호선,홍대입구,92950,104607
20250503,3호선,경복궁(정부서울청사),26691,29463
20250503,3호선,안국,27580,29374
20250503,3호선,종로3가,9569,12472
20250503,4호선,명동,37573,42771
20250503,4호선,서울역,7628,22869
20250503,4호선,회현(남대문시장),24133,25874
20250503,5호선,광화문(세종문화회관),23046,24758
20250503,5호선,서대문,8211,7673
20250503,5호선,여의도,12503,13371
20250503,5호선,종로3가,18279,19300
20250510,1호선,서울역,63832,58588
20250510,1호선,시청,18698,19061
20250510,1호선,종각,23005,22977
20250510,1호선,종로3가,24065,23127
20250510,2호선,강남,63014,61789
20250510,2호선,건대입구,38159,41039
20250510,2호선,시청,13064,10509
20250510,2호선,을지로입구,32568,34368
20250510,2호선,잠실(송파구청),82318,80236
20250510,2호선,홍대입구,83139,95362
20250510,3호선,경복궁(정부서울청사),26881,27456
20250510,3호선,안국,26640,28506
20250510,3호선,종로3가,9553,11921
20250510,4호선,명동,30195,34018
20250510,4호선,서울역,7287,20713
20250510,4호선,회현(남대문시장),21738,22645
20250510,5호선,광화문(세종문화회관),22265,23089
20250510,5호선,서대문,9687,8876
20250510,5호선,여의도,16733,19025
20250510,5호선,종로3가,16899,18084
20250517,1호선,서울역,72072,68651
20250517,1호선,시청,18061,18951
20250517,1호선,종각,26532,25151
20250517,1호선,종로3가,28197,27458
20250517,2호선,강남,67146,66395
20250517,2호선,건대입구,42397,44386
20250517,2호선,시청,14416,12054
20250517,2호선,을지로입구,36749,37859
20250517,2호선,잠실(송파구청),92263,88999
20250517,2호선,홍대입구,94193,105169
20250517,3호선,경복궁(정부서울청사),31875,34317
20250517,3호선,안국,31016,32631
20250517,3호선,종로3가,11394,15073
20250517,4호선,명동,36310,40271
20250517,4호선,서울역,7931,23161
20250517,4호선,회현(남대문시장),27075,28336
20250517,5호선,광화문(세종문화회관),25747,26959
20250517,5호선,서대문,10307,9987
20250517,5호선,여의도,17281,17689
20250517,5호선,종로3가,20712,22075
20250524,1호선,서울역,73741,67781
20250524,1호선,시청,19675,20555
20250524,1호선,종각,26545,24967
20250524,1호선,종로3가,28791,27253
20250524,2호선,강남,64393,63413
20250524,2호선,건대입구,40323,42068
20250524,2호선,시청,16157,14201
20250524,2호선,을지로입구,36367,37527
20250524,2호선,잠실(송파구청),81374,78738
20250524,2호선,홍대입구,91093,103311
20250524,3호선,경복궁(정부서울청사),29457,33466
20250524,3호선,안국,28265,30814
20250524,3호선,종로3가,10471,14340
20250524,4호선,명동,35519,39391
20250524,4호선,서울역,8285,22371
20250524,4호선,회현(남대문시장),25178,27126
20250524,5호선,광화문(세종문화회관),22295,23375
20250524,5호선,서대문,10167,9711
20250524,5호선,여의도,14664,15939
20250524,5호선,종로3가,20276,21663
20250531,1호선,서울역,69154,64967
20250531,1호선,시청,22743,23653
20250531,1호선,종각,26831,25814
20250531,1호선,종로3가,28591,26485
20250531,2호선,강남,61600,61466
20250531,2호선,건대입구,40977,41996
20250531,2호선,시청,15615,13033
20250531,2호선,을지로입구,36161,36307
20250531,2호선,잠실(송파구청),79671,77374
20250531,2호선,홍대입구,91525,104460
20250531,3호선,경복궁(정부서울청사),30505,33867
20250531,3호선,안국,28057,31829
20250531,3호선,종로3가,10654,14342
20250531,4호선,명동,35819,39757
20250531,4호선,서울역,8161,22114
20250531,4호선,회현(남대문시장),25241,27158
20250531,5호선,광화문(세종문화회관),25590,25683
20250531,5호선,서대문,8951,8569
20250531,5호선,여의도,13829,15718
20250531,5호선,종로3가,19802,22120
20260307,1호선,서울역,66168,63647
20260307,1호선,시청,18706,19685
20260307,1호선,종각,27422,26890
20260307,1호선,종로3가,27610,26388
20260307,2호선,강남,69084,67672
20260307,2호선,건대입구,43625,46190
20260307,2호선,시청,14363,12120
20260307,2호선,을지로입구,40034,40334
20260307,2호선,잠실(송파구청),81566,79115
20260307,2호선,홍대입구,91872,102336
20260307,3호선,경복궁(정부서울청사),25679,25551
20260307,3호선,안국,25557,27457
20260307,3호선,종로3가,9654,11900
20260307,4호선,명동,38859,42086
20260307,4호선,서울역,8382,21779
20260307,4호선,회현(남대문시장),26585,28154
20260307,5호선,광화문(세종문화회관),22688,23625
20260307,5호선,서대문,9159,8773
20260307,5호선,여의도,14237,15096
20260307,5호선,종로3가,16788,17390
20260314,1호선,서울역,82538,81211
20260314,1호선,시청,20137,21212
20260314,1호선,종각,28979,27734
20260314,1호선,종로3가,30846,29053
20260314,2호선,강남,69854,68945
20260314,2호선,건대입구,46373,48582
20260314,2호선,시청,15299,12747
20260314,2호선,을지로입구,42963,42606
20260314,2호선,잠실(송파구청),85945,83298
20260314,2호선,홍대입구,98293,111001
20260314,3호선,경복궁(정부서울청사),29532,29079
20260314,3호선,안국,29493,33198
20260314,3호선,종로3가,10872,13760
20260314,4호선,명동,42222,45722
20260314,4호선,서울역,9176,22593
20260314,4호선,회현(남대문시장),28780,31472
20260314,5호선,광화문(세종문화회관),24855,25178
20260314,5호선,서대문,9397,9109
20260314,5호선,여의도,16251,17113
20260314,5호선,종로3가,19389,20438
20260321,1호선,서울역,84910,77616
20260321,1호선,시청,5664,13616
20260321,1호선,종각,45631,39342
20260321,1호선,종로3가,27879,26367
20260321,2호선,강남,71400,70827
20260321,2호선,건대입구,47772,49669
20260321,2호선,시청,6998,9118
20260321,2호선,을지로입구,57238,48588
20260321,2호선,잠실(송파구청),90136,87586
20260321,2호선,홍대입구,97100,107510
20260321,3호선,경복궁(정부서울청사),9524,13132
20260321,3호선,안국,27852,32845
20260321,3호선,종로3가,8714,10735
20260321,4호선,명동,42208,44185
20260321,4호선,서울역,9649,22911
20260321,4호선,회현(남대문시장),30275,30674
20260321,5호선,광화문(세종문화회관),7003,15004
20260321,5호선,서대문,19113,14684
20260321,5호선,여의도,15632,16913
20260321,5호선,종로3가,15436,18267
20260328,1호선,서울역,78928,79318
20260328,1호선,시청,24851,27009
20260328,1호선,종각,30248,28843
20260328,1호선,종로3가,33054,30668
20260328,2호선,강남,70418,69360
20260328,2호선,건대입구,46189,47911
20260328,2호선,시청,18407,15769
20260328,2호선,을지로입구,42599,43330
20260328,2호선,잠실(송파구청),90976,87982
20260328,2호선,홍대입구,98237,109715
20260328,3호선,경복궁(정부서울청사),32705,32887
20260328,3호선,안국,34040,39288
20260328,3호선,종로3가,12374,15341
20260328,4호선,명동,43968,47516
20260328,4호선,서울역,9359,23468
20260328,4호선,회현(남대문시장),29805,33273
20260328,5호선,광화문(세종문화회관),26389,32710
20260328,5호선,서대문,10949,10365
20260328,5호선,여의도,19525,17683
20260328,5호선,종로3가,22354,24298
20260404,1호선,서울역,74755,73933
20260404,1호선,시청,18183,19462
20260404,1호선,종각,27926,25805
20260404,1호선,종로3가,29372,26961
20260404,2호선,강남,67274,66872
20260404,2호선,건대입구,46316,47867
20260404,2호선,시청,15022,12543
20260404,2호선,을지로입구,42349,41825
20260404,2호선,잠실(송파구청),137415,132531
20260404,2호선,홍대입구,96426,107202
20260404,3호선,경복궁(정부서울청사),30797,30871
20260404,3호선,안국,32634,34655
20260404,3호선,종로3가,11646,13665
20260404,4호선,명동,41991,45126
20260404,4호선,서울역,9511,21780
20260404,4호선,회현(남대문시장),28331,30001
20260404,5호선,광화문(세종문화회관),24447,24852
20260404,5호선,서대문,9758,8856
20260404,5호선,여의도,19488,21280
20260404,5호선,종로3가,21284,23279
20260411,1호선,서울역,81928,82160
20260411,1호선,시청,19083,19713
20260411,1호선,종각,28773,27174
20260411,1호선,종로3가,30320,28119
20260411,2호선,강남,66906,65597
20260411,2호선,건대입구,44124,45391
20260411,2호선,시청,15720,12878
20260411,2호선,을지로입구,41978,41339
20260411,2호선,잠실(송파구청),98015,94741
20260411,2호선,홍대입구,95415,105828
20260411,3호선,경복궁(정부서울청사),29590,31324
20260411,3호선,안국,29309,32151
20260411,3호선,종로3가,12146,14918
20260411,4호선,명동,43314,46322
20260411,4호선,서울역,9419,23062
20260411,4호선,회현(남대문시장),29494,32788
20260411,5호선,광화문(세종문화회관),23774,25440
20260411,5호선,서대문,9552,9234
20260411,5호선,여의도,15555,16789
20260411,5호선,종로3가,21069,23308
20260418,1호선,서울역,76048,75341
20260418,1호선,시청,23012,23845
20260418,1호선,종각,29951,27948
20260418,1호선,종로3가,32321,29576
20260418,2호선,강남,63878,63202
20260418,2호선,건대입구,40688,42532
20260418,2호선,시청,15788,12389
20260418,2호선,을지로입구,40597,40860
20260418,2호선,잠실(송파구청),87987,84743
20260418,2호선,홍대입구,89356,98647
20260418,3호선,경복궁(정부서울청사),30490,30066
20260418,3호선,안국,29036,31663
20260418,3호선,종로3가,11971,15795
20260418,4호선,명동,39140,43193
20260418,4호선,서울역,9214,22264
20260418,4호선,회현(남대문시장),29603,32109
20260418,5호선,광화문(세종문화회관),27749,29546
20260418,5호선,서대문,10543,9938
20260418,5호선,여의도,16386,18357
20260418,5호선,종로3가,21190,24533
20260425,1호선,서울역,79446,79186
20260425,1호선,시청,19993,20845
20260425,1호선,종각,29338,28016
20260425,1호선,종로3가,32010,30032
20260425,2호선,강남,67825,66264
20260425,2호선,건대입구,46986,45825
20260425,2호선,시청,15306,12543
20260425,2호선,을지로입구,40989,40892
20260425,2호선,잠실(송파구청),89692,86581
20260425,2호선,홍대입구,92264,102794
20260425,3호선,경복궁(정부서울청사),30018,31159
20260425,3호선,안국,28532,31642
20260425,3호선,종로3가,11953,15729
20260425,4호선,명동,39521,43112
20260425,4호선,서울역,9237,22816
20260425,4호선,회현(남대문시장),29463,32613
20260425,5호선,광화문(세종문화회관),24874,26022
20260425,5호선,서대문,9912,9470
20260425,5호선,여의도,15142,17274
20260425,5호선,종로3가,21532,25163
20260502,1호선,서울역,80866,81941
20260502,1호선,시청,21069,21835
20260502,1호선,종각,29017,26845
20260502,1호선,종로3가,27998,25952
20260502,2호선,강남,59964,58975
20260502,2호선,건대입구,41778,42652
20260502,2호선,시청,15062,12239
20260502,2호선,을지로입구,42296,41038
20260502,2호선,잠실(송파구청),86169,82837
20260502,2호선,홍대입구,100394,111108
20260502,3호선,경복궁(정부서울청사),31343,33712
20260502,3호선,안국,29372,31457
20260502,3호선,종로3가,11325,13998
20260502,4호선,명동,46673,50000
20260502,4호선,서울역,8700,22059
20260502,4호선,회현(남대문시장),27816,30637
20260502,5호선,광화문(세종문화회관),29366,32462
20260502,5호선,서대문,8210,7960
20260502,5호선,여의도,14189,15840
20260502,5호선,종로3가,20344,21917
20260509,1호선,서울역,73343,72859
20260509,1호선,시청,19227,20196
20260509,1호선,종각,28164,27788
20260509,1호선,종로3가,28939,27519
20260509,2호선,강남,65373,64121
20260509,2호선,건대입구,42879,45025
20260509,2호선,시청,14464,12077
20260509,2호선,을지로입구,38689,39271
20260509,2호선,잠실(송파구청),86326,82917
20260509,2호선,홍대입구,88321,99335
20260509,3호선,경복궁(정부서울청사),27125,27985
20260509,3호선,안국,26291,29293
20260509,3호선,종로3가,11461,14545
20260509,4호선,명동,36297,39963
20260509,4호선,서울역,8680,20654
20260509,4호선,회현(남대문시장),27182,29969
20260509,5호선,광화문(세종문화회관),24651,25276
20260509,5호선,서대문,9689,9249
20260509,5호선,여의도,14512,16466
20260509,5호선,종로3가,19419,22095
20260516,1호선,서울역,83258,82415
20260516,1호선,시청,23336,23890
20260516,1호선,종각,57719,45210
20260516,1호선,종로3가,48274,41468
20260516,2호선,강남,67653,66937
20260516,2호선,건대입구,46778,49387
20260516,2호선,시청,17400,14021
20260516,2호선,을지로입구,50407,47479
20260516,2호선,잠실(송파구청),87629,84720
20260516,2호선,홍대입구,93826,105809
20260516,3호선,경복궁(정부서울청사),32336,32844
20260516,3호선,안국,36823,36095
20260516,3호선,종로3가,13439,19260
20260516,4호선,명동,43411,46412
20260516,4호선,서울역,9692,22786
20260516,4호선,회현(남대문시장),30374,32466
20260516,5호선,광화문(세종문화회관),35059,33084
20260516,5호선,서대문,12944,11045
20260516,5호선,여의도,15147,17778
20260516,5호선,종로3가,24501,28004
20260523,1호선,서울역,85748,85897
20260523,1호선,시청,18920,19794
20260523,1호선,종각,30412,29628
20260523,1호선,종로3가,29914,28022
20260523,2호선,강남,62833,62048
20260523,2호선,건대입구,42529,44512
20260523,2호선,시청,15390,12934
20260523,2호선,을지로입구,42987,42946
20260523,2호선,잠실(송파구청),83157,81048
20260523,2호선,홍대입구,93902,105501
20260523,3호선,경복궁(정부서울청사),27753,30206
20260523,3호선,안국,27665,30874
20260523,3호선,종로3가,11282,15301
20260523,4호선,명동,41699,46306
20260523,4호선,서울역,8793,21568
20260523,4호선,회현(남대문시장),28309,31115
20260523,5호선,광화문(세종문화회관),25651,26487
20260523,5호선,서대문,8947,8761
20260523,5호선,여의도,14200,16778
20260523,5호선,종로3가,20863,23310
20260530,1호선,서울역,73226,73593
20260530,1호선,시청,18261,18670
20260530,1호선,종각,28778,28521
20260530,1호선,종로3가,28545,26786
20260530,2호선,강남,66323,65207
20260530,2호선,건대입구,42135,44447
20260530,2호선,시청,15011,12998
20260530,2호선,을지로입구,40097,40950
20260530,2호선,잠실(송파구청),83631,80908
20260530,2호선,홍대입구,90426,101159
20260530,3호선,경복궁(정부서울청사),26329,27158
20260530,3호선,안국,25700,28445
20260530,3호선,종로3가,10964,14477
20260530,4호선,명동,39432,43283
20260530,4호선,서울역,8859,19742
20260530,4호선,회현(남대문시장),27006,29353
20260530,5호선,광화문(세종문화회관),22477,23898
20260530,5호선,서대문,9476,9307
20260530,5호선,여의도,14900,16891
20260530,5호선,종로3가,19746,22547
